[{"address":"16-12-15-30-07-15","recentAccessDate":"2019-08-15T15:24:57+02:00","favourite":false,"name":"920541","connected":false,"paired":true},{"address":"58-40-4e-c5-7a-74","recentAccessDate":"2020-04-23T10:12:57+02:00","favourite":false,"name":"Vegards iPhone","connected":false,"paired":false},{"address":"cc-44-63-cc-a7-04","recentAccessDate":"2020-04-29T18:47:43+02:00","favourite":false,"name":"iPad de Vegard","connected":false,"paired":false},{"address":"2c-41-a1-03-07-b1","recentAccessDate":"2019-03-01T11:31:43+01:00","favourite":false,"name":"Bose QC35 II","connected":false,"paired":true},{"address":"f0-24-75-df-3e-5f","recentAccessDate":"2015-07-26T14:53:44+02:00","favourite":true,"name":"Hjems iPhone","connected":false,"paired":true},{"address":"b8-f6-53-10-f2-b5","recentAccessDate":"2020-04-05T21:18:52+02:00","favourite":false,"name":"JBL Flip 5","connected":false,"paired":true},{"address":"84-fc-ac-ef-2e-fc","recentAccessDate":"2017-04-15T20:40:33+02:00","favourite":false,"name":"Vegard sin Apple Watch","connected":false,"paired":false},{"address":"5c-eb-68-48-eb-bb","recentAccessDate":"2020-04-30T22:35:16+02:00","paired":true,"RSSI":0,"rawRSSI":-47,"favourite":false,"connected":true,"name":"Plattan 2 BT","slave":false}]