<?xml version="1.0"?>
<ruleset name="Google-Cloud-PHP-PSR2">
  <rule ref="PSR2">
    <exclude name="PSR1.Classes.ClassDeclaration"/>
    <exclude name="PSR1.Files.SideEffects"/>
    <exclude name="PSR1.Files.SideEffects.FoundWithSymbols"/>
    <exclude name="PSR1.Methods.CamelCapsMethodName.NotCamelCaps" />
    <exclude name="Generic.Files.LineLength"/>
    <exclude name="PEAR.NamingConventions.ValidClassName.Invalid" />
    <exclude name="Generic.NamingConventions.CamelCapsFunctionName.Invalid" />
  </rule>
  <rule ref="PSR1.Files.SideEffects">
    <exclude-pattern>*.php</exclude-pattern>
  </rule>
  <rule ref="Generic.Files.LineLength.TooLong">
    <exclude-pattern>*.php</exclude-pattern>
  </rule>
  <arg name="extensions" value="php"/>
</ruleset>