<?xml version="1.0" encoding="UTF-8" ?>
<ruleset name="Complex PHP Mess Detector Rule Set"
    xmlns="http://pmd.sf.net/ruleset/1.0.0"
    xmlns:xsi="http://www.w3.org/2001/XMLSchema-instance"
    xsi:schemaLocation="http://pmd.sf.net/ruleset/1.0.0 http://pmd.sf.net/ruleset_xml_schema.xsd"
    xsi:noNamespaceSchemaLocation="http://pmd.sf.net/ruleset_xml_schema.xsd">
    <rule ref="rulesets/naming.xml">
        <exclude name="LongVariable" />
        <exclude name="ShortVariable" />
        <exclude name="ShortMethodName" />
    </rule>
    <rule ref="rulesets/naming.xml/LongVariable">
        <properties>
            <property name="maximum" value="32" />
        </properties>
    </rule>
    <rule ref="rulesets/naming.xml/ShortVariable">
        <properties>
            <property name="minimum" value="3" />
            <property name="exceptions" value="id,bg,q,i,j,v,e,f,fp,ln" />
        </properties>
    </rule>
    <rule ref="rulesets/naming.xml/ShortMethodName">
        <properties>
            <property name="minimum" value="3" />
            <property name="exceptions" value="ln" />
        </properties>
    </rule>
    <rule ref="rulesets/design.xml/EmptyCatchBlock" />
    <rule ref="rulesets/design.xml/EvalExpression" />
    <rule ref="rulesets/design.xml/CountInLoopExpression" />
    <rule ref="rulesets/design.xml/CouplingBetweenObjects" />
    <rule ref="rulesets/design.xml/GotoStatement" />
    <rule ref="rulesets/design.xml/DepthOfInheritance" />
    <rule ref="rulesets/design.xml/DevelopmentCodeFragment" />
    <rule ref="rulesets/design.xml/NumberOfChildren" />
    <rule ref="rulesets/cleancode.xml">
        <exclude name="StaticAccess" />
    </rule>
    <rule ref="rulesets/unusedcode.xml">
        <exclude name="UnusedPrivateField" />
        <exclude name="UnusedPrivateMethod" />
        <exclude name="UnusedFormalParameter" />
    </rule>
    <rule ref="rulesets/codesize.xml/CyclomaticComplexity" />
    <rule ref="rulesets/codesize.xml/ExcessiveMethodLength" />
    <rule ref="rulesets/codesize.xml/ExcessiveClassLength" />
    <rule ref="rulesets/codesize.xml/ExcessiveParameterList" />
    <rule ref="rulesets/controversial.xml">
        <exclude name="Superglobals" />
        <exclude name="CamelCaseClassName" />
        <exclude name="CamelCasePropertyName" />
        <exclude name="CamelCaseMethodName" />
        <exclude name="CamelCaseParameterName" />
        <exclude name="CamelCaseVariableName" />
    </rule>
</ruleset>